id,kind,file,thumb,lat,lon,alt_m,datetime,type,caption,url
50,photo,photos/20260128_055936087_iOS.jpeg,thumbs/20260128_055936087_iOS_thumb.jpg,32.6955694444444,128.844619444444,13.4918466,2026:01:28 17:12:29+09:00,,,
51,photo,photos/20260128_060136849_iOS.jpeg,thumbs/20260128_060136849_iOS_thumb.jpg,32.6955527777778,128.844666666667,13.33383134,2026:01:28 17:12:29+09:00,,,
52,photo,photos/20260128_060502976_iOS.jpeg,thumbs/20260128_060502976_iOS_thumb.jpg,32.6955305555556,128.844697222222,13.34987166,2026:01:28 17:13:00+09:00,,,
48,photo,photos/20260128_050837843_iOS.jpeg,thumbs/20260128_050837843_iOS_thumb.jpg,32.6955333333333,128.844680555556,13.04019846,2026:01:28 17:17:43+09:00,,,
49,photo,photos/20260128_053329059_iOS.jpeg,thumbs/20260128_053329059_iOS_thumb.jpg,32.6955333333333,128.844697222222,12.80024047,2026:01:28 17:17:43+09:00,,,
42,photo,photos/20260128_021744907_iOS.jpeg,thumbs/20260128_021744907_iOS_thumb.jpg,32.8024527777778,128.903916666667,-13.87530071,2026:01:28 17:19:34+09:00,,,
41,photo,photos/20260128_020057293_iOS.jpeg,thumbs/20260128_020057293_iOS_thumb.jpg,32.8179805555556,128.912583333333,0.6275674338,2026:01:28 17:20:03+09:00,,,
40,photo,photos/20260128_020052214_iOS.jpeg,thumbs/20260128_020052214_iOS_thumb.jpg,32.8180055555556,128.912644444444,0.7979551698,2026:01:28 17:20:05+09:00,,,
39,photo,photos/20260128_014204065_iOS.jpeg,thumbs/20260128_014204065_iOS_thumb.jpg,32.7844166666667,128.987091666667,0.310611126,2026:01:28 17:20:25+09:00,,,
38,photo,photos/20260128_014200947_iOS.jpeg,thumbs/20260128_014200947_iOS_thumb.jpg,32.7844111111111,128.987061111111,0.4050473693,2026:01:28 17:20:28+09:00,,,
37,photo,photos/20260128_014154028_iOS.jpeg,thumbs/20260128_014154028_iOS_thumb.jpg,32.7843972222222,128.986969444444,1.171346451,2026:01:28 17:20:36+09:00,,,
22,photo,photos/20260128_010206202_iOS.jpeg,thumbs/20260128_010206202_iOS_thumb.jpg,32.6727166666667,128.958633333333,0.3211654882,2026:01:29 02:40:54+09:00,,,
23,photo,photos/20260128_010228336_iOS.jpeg,thumbs/20260128_010228336_iOS_thumb.jpg,32.6729888888889,128.958375,0.7613010956,2026:01:29 02:40:54+09:00,,,
24,photo,photos/20260128_010329408_iOS.jpeg,thumbs/20260128_010329408_iOS_thumb.jpg,32.6729805555556,128.957077777778,-5.476110867,2026:01:29 02:40:54+09:00,,,
25,photo,photos/20260128_010333757_iOS.jpeg,thumbs/20260128_010333757_iOS_thumb.jpg,32.6728027777778,128.956925,-0.3930095531,2026:01:29 02:40:54+09:00,,,
26,photo,photos/20260128_010439906_iOS.jpeg,thumbs/20260128_010439906_iOS_thumb.jpg,32.6721833333333,128.956725,-0.4471311895,2026:01:29 02:40:54+09:00,,,
27,photo,photos/20260128_010617812_iOS.jpeg,thumbs/20260128_010617812_iOS_thumb.jpg,32.6713166666667,128.956633333333,0.3062371527,2026:01:29 02:40:54+09:00,,,
28,photo,photos/20260128_010619827_iOS.jpeg,thumbs/20260128_010619827_iOS_thumb.jpg,32.6713,128.956633333333,-0.003125888296,2026:01:29 02:40:54+09:00,,,
29,photo,photos/20260128_010620969_iOS.jpeg,thumbs/20260128_010620969_iOS_thumb.jpg,32.6712888888889,128.956633333333,0.02530763112,2026:01:29 02:40:54+09:00,,,
15,photo,photos/20260128_010044260_iOS.jpeg,thumbs/20260128_010044260_iOS_thumb.jpg,32.6718777777778,128.958891666667,-0.6399488771,2026:01:29 02:41:07+09:00,,,
16,photo,photos/20260128_010046707_iOS.jpeg,thumbs/20260128_010046707_iOS_thumb.jpg,32.6718861111111,128.958891666667,-0.0008155442775,2026:01:29 02:41:07+09:00,,,
17,photo,photos/20260128_010058462_iOS.jpeg,thumbs/20260128_010058462_iOS_thumb.jpg,32.6719555555556,128.958877777778,0.3648594198,2026:01:29 02:41:07+09:00,,,
18,photo,photos/20260128_010100480_iOS.jpeg,thumbs/20260128_010100480_iOS_thumb.jpg,32.6719638888889,128.958877777778,0.3832365861,2026:01:29 02:41:07+09:00,,,
19,photo,photos/20260128_010101950_iOS.jpeg,thumbs/20260128_010101950_iOS_thumb.jpg,32.6719861111111,128.958877777778,0.6630354455,2026:01:29 02:41:07+09:00,,,
20,photo,photos/20260128_010136815_iOS.jpeg,thumbs/20260128_010136815_iOS_thumb.jpg,32.6723944444444,128.958755555556,0.02633210085,2026:01:29 02:41:07+09:00,,,
21,photo,photos/20260128_010140887_iOS.jpeg,thumbs/20260128_010140887_iOS_thumb.jpg,32.6724472222222,128.958738888889,0.7281598523,2026:01:29 02:41:07+09:00,,,
7,photo,photos/20260128_005944583_iOS.jpeg,thumbs/20260128_005944583_iOS_thumb.jpg,32.6716194444444,128.958572222222,-0.6625585699,2026:01:29 02:41:17+09:00,,,
8,photo,photos/20260128_005945648_iOS.jpeg,thumbs/20260128_005945648_iOS_thumb.jpg,32.6716083333333,128.958572222222,-0.07244362218,2026:01:29 02:41:17+09:00,,,
9,photo,photos/20260128_005948568_iOS.jpeg,thumbs/20260128_005948568_iOS_thumb.jpg,32.6716111111111,128.958588888889,-0.7311314702,2026:01:29 02:41:17+09:00,,,
10,photo,photos/20260128_005956906_iOS.jpeg,thumbs/20260128_005956906_iOS_thumb.jpg,32.6715972222222,128.958602777778,-0.2605038984,2026:01:29 02:41:17+09:00,,,
11,photo,photos/20260128_010008891_iOS.jpeg,thumbs/20260128_010008891_iOS_thumb.jpg,32.6716305555556,128.958663888889,-0.3945727022,2026:01:29 02:41:17+09:00,,,
12,photo,photos/20260128_010009513_iOS.jpeg,thumbs/20260128_010009513_iOS_thumb.jpg,32.6716333333333,128.958663888889,0.08549220296,2026:01:29 02:41:17+09:00,,,
13,photo,photos/20260128_010013278_iOS.jpeg,thumbs/20260128_010013278_iOS_thumb.jpg,32.67165,128.958694444444,-0.2257307272,2026:01:29 02:41:17+09:00,,,
14,photo,photos/20260128_010039461_iOS.jpeg,thumbs/20260128_010039461_iOS_thumb.jpg,32.6718361111111,128.958891666667,-0.7101074047,2026:01:29 02:41:19+09:00,,,
1,photo,photos/20260128_003417616_iOS.jpeg,thumbs/20260128_003417616_iOS_thumb.jpg,32.7010694444444,128.849044444444,12.37949372,2026:01:29 02:41:36+09:00,,,
2,photo,photos/20260128_003423770_iOS.jpeg,thumbs/20260128_003423770_iOS_thumb.jpg,32.7015222222222,128.849472222222,3.165092782,2026:01:29 02:41:36+09:00,,,
3,photo,photos/20260128_005504232_iOS.jpeg,thumbs/20260128_005504232_iOS_thumb.jpg,32.6724611111111,128.951766666667,0.3748231225,2026:01:29 02:41:36+09:00,,,
4,photo,photos/20260128_005522478_iOS.jpeg,thumbs/20260128_005522478_iOS_thumb.jpg,32.6714638888889,128.953247222222,-0.08519449641,2026:01:29 02:41:36+09:00,,,
5,photo,photos/20260128_005535012_iOS.jpeg,thumbs/20260128_005535012_iOS_thumb.jpg,32.6708805555556,128.954225,-0.5651142681,2026:01:29 02:41:36+09:00,,,
6,photo,photos/20260128_005600700_iOS.jpeg,thumbs/20260128_005600700_iOS_thumb.jpg,32.6702083333333,128.956725,-1.424604739,2026:01:29 02:41:36+09:00,,,
32,photo,photos/20260128_012725465_iOS.jpeg,thumbs/20260128_012725465_iOS_thumb.jpg,32.7422611111111,128.963225,0.7833012286,2026:01:29 02:41:46+09:00,,,
33,photo,photos/20260128_013533185_iOS.jpeg,thumbs/20260128_013533185_iOS_thumb.jpg,32.7719611111111,128.982513888889,1.177484117,2026:01:29 02:41:46+09:00,,,
34,photo,photos/20260128_013537489_iOS.jpeg,thumbs/20260128_013537489_iOS_thumb.jpg,32.772,128.982544444444,0.8880258838,2026:01:29 02:41:46+09:00,,,
35,photo,photos/20260128_013540278_iOS.jpeg,thumbs/20260128_013540278_iOS_thumb.jpg,32.7720111111111,128.982544444444,0.9406801954,2026:01:29 02:41:46+09:00,,,
36,photo,photos/20260128_013543408_iOS.jpeg,thumbs/20260128_013543408_iOS_thumb.jpg,32.7720222222222,128.982558333333,0.6184598246,2026:01:29 02:41:46+09:00,,,
30,photo,photos/20260128_010627583_iOS.jpeg,thumbs/20260128_010627583_iOS_thumb.jpg,32.6712111111111,128.956633333333,-0.2484287713,2026:01:29 02:41:49+09:00,,,
31,photo,photos/20260128_010639913_iOS.jpeg,thumbs/20260128_010639913_iOS_thumb.jpg,32.6709972222222,128.956711111111,0.5327597521,2026:01:29 02:41:49+09:00,,,
43,photo,photos/20260128_030116249_iOS.jpeg,thumbs/20260128_030116249_iOS_thumb.jpg,32.7449388888889,128.824188888889,15.09965966,2026:01:29 02:42:06+09:00,,,
44,photo,photos/20260128_030129954_iOS.jpeg,thumbs/20260128_030129954_iOS_thumb.jpg,32.7448916666667,128.824188888889,8.058424494,2026:01:29 02:42:06+09:00,,,
45,photo,photos/20260128_030145869_iOS.jpeg,thumbs/20260128_030145869_iOS_thumb.jpg,32.7448888888889,128.824188888889,4.589700676,2026:01:29 02:42:06+09:00,,,
46,photo,photos/20260128_032443632_iOS.jpeg,thumbs/20260128_032443632_iOS_thumb.jpg,32.7098722222222,128.836411111111,19.01436716,2026:01:29 02:42:06+09:00,,,
47,photo,photos/20260128_032445584_iOS.jpeg,thumbs/20260128_032445584_iOS_thumb.jpg,32.7097555555556,128.836455555556,19.1408312,2026:01:29 02:42:06+09:00,,,
53,photo,photos/20260128_124519335_iOS.jpeg,thumbs/20260128_124519335_iOS_thumb.jpg,32.6953472222222,128.846558333333,7.54380791,2026:01:29 15:19:30+09:00,,,
159,photo,photos/20260129_055934639_iOS.jpeg,thumbs/20260129_055934639_iOS_thumb.jpg,32.7110361111111,128.656433333333,60.16058115,2026:01:29 15:19:43+09:00,,,
157,photo,photos/20260129_055605325_iOS.jpeg,thumbs/20260129_055605325_iOS_thumb.jpg,32.7111805555556,128.656386111111,62.88254786,2026:01:29 15:19:46+09:00,,,
158,photo,photos/20260129_055929982_iOS.jpeg,thumbs/20260129_055929982_iOS_thumb.jpg,32.7110222222222,128.656447222222,61.21999937,2026:01:29 15:19:46+09:00,,,
156,photo,photos/20260129_055547923_iOS.jpeg,thumbs/20260129_055547923_iOS_thumb.jpg,32.7111888888889,128.656372222222,62.28008089,2026:01:29 15:19:50+09:00,,,
155,photo,photos/20260129_055540374_iOS.jpeg,thumbs/20260129_055540374_iOS_thumb.jpg,32.7111861111111,128.656372222222,61.76420455,2026:01:29 15:19:54+09:00,,,
154,photo,photos/20260129_055522598_iOS.jpeg,thumbs/20260129_055522598_iOS_thumb.jpg,32.7111777777778,128.656386111111,59.99565018,2026:01:29 15:19:56+09:00,,,
152,photo,photos/20260129_055436779_iOS.jpeg,thumbs/20260129_055436779_iOS_thumb.jpg,32.711075,128.656433333333,52.30331024,2026:01:29 15:19:59+09:00,,,
151,photo,photos/20260129_055426314_iOS.jpeg,thumbs/20260129_055426314_iOS_thumb.jpg,32.7110861111111,128.656433333333,53.62490983,2026:01:29 15:20:01+09:00,,,
148,photo,photos/20260129_052403779_iOS.jpeg,thumbs/20260129_052403779_iOS_thumb.jpg,32.7325138888889,128.730941666667,13.03885201,2026:01:29 15:23:16+09:00,,,
145,photo,photos/20260129_051517543_iOS.jpeg,thumbs/20260129_051517543_iOS_thumb.jpg,32.7528222222222,128.748261111111,6.453595084,2026:01:29 15:25:16+09:00,,,
150,photo,photos/20260129_055422883_iOS.jpeg,thumbs/20260129_055422883_iOS_thumb.jpg,32.7110833333333,128.656433333333,53.75988436,2026:01:29 15:25:16+09:00,,,
153,photo,photos/20260129_055455562_iOS.jpeg,thumbs/20260129_055455562_iOS_thumb.jpg,32.7110972222222,128.656402777778,49.39495663,2026:01:29 15:25:16+09:00,,,
144,photo,photos/20260129_051510972_iOS.jpeg,thumbs/20260129_051510972_iOS_thumb.jpg,32.7528416666667,128.748261111111,10.0592726,2026:01:29 15:26:02+09:00,,,
143,photo,photos/20260129_051136763_iOS.jpeg,thumbs/20260129_051136763_iOS_thumb.jpg,32.7549138888889,128.745772222222,20.85131829,2026:01:29 15:26:31+09:00,,,
146,photo,photos/20260129_052308513_iOS.jpeg,thumbs/20260129_052308513_iOS_thumb.jpg,32.7319027777778,128.730636111111,10.27094523,2026:01:29 15:27:46+09:00,,,
147,photo,photos/20260129_052315951_iOS.jpeg,thumbs/20260129_052315951_iOS_thumb.jpg,32.7320138888889,128.7305,7.202977523,2026:01:29 15:27:46+09:00,,,
140,photo,photos/20260129_050924240_iOS.jpeg,thumbs/20260129_050924240_iOS_thumb.jpg,32.7550194444444,128.745361111111,21.51821877,2026:01:29 15:28:56+09:00,,,
141,photo,photos/20260129_050958473_iOS.jpeg,thumbs/20260129_050958473_iOS_thumb.jpg,32.7549027777778,128.745361111111,22.01537914,2026:01:29 15:28:56+09:00,,,
142,photo,photos/20260129_051006691_iOS.jpeg,thumbs/20260129_051006691_iOS_thumb.jpg,32.7549027777778,128.745361111111,21.73919825,2026:01:29 15:28:56+09:00,,,
135,photo,photos/20260129_045909158_iOS.jpeg,thumbs/20260129_045909158_iOS_thumb.jpg,32.7681305555556,128.757508333333,7.12235635,2026:01:29 17:29:34+09:00,,,
136,photo,photos/20260129_045912187_iOS.jpeg,thumbs/20260129_045912187_iOS_thumb.jpg,32.7681305555556,128.757491666667,7.438439088,2026:01:29 17:29:34+09:00,,,
137,photo,photos/20260129_050818219_iOS.jpeg,thumbs/20260129_050818219_iOS_thumb.jpg,32.7547805555556,128.745330555556,28.34984359,2026:01:29 17:29:34+09:00,,,
138,photo,photos/20260129_050830306_iOS.jpeg,thumbs/20260129_050830306_iOS_thumb.jpg,32.7548111111111,128.745347222222,19.14153385,2026:01:29 17:29:34+09:00,,,
139,photo,photos/20260129_050903966_iOS.jpeg,thumbs/20260129_050903966_iOS_thumb.jpg,32.7549583333333,128.745347222222,21.50713184,2026:01:29 17:29:34+09:00,,,
134,photo,photos/20260129_045848648_iOS.jpeg,thumbs/20260129_045848648_iOS_thumb.jpg,32.7682527777778,128.757172222222,11.42748353,2026:01:29 17:29:44+09:00,,,
133,photo,photos/20260129_045842552_iOS.jpeg,thumbs/20260129_045842552_iOS_thumb.jpg,32.7682611111111,128.757155555556,17.99906699,2026:01:29 17:29:51+09:00,,,
132,photo,photos/20260129_045550002_iOS.jpeg,thumbs/20260129_045550002_iOS_thumb.jpg,32.7678833333333,128.756669444444,14.70957726,2026:01:29 17:29:52+09:00,,,
131,photo,photos/20260129_045322742_iOS.jpeg,thumbs/20260129_045322742_iOS_thumb.jpg,32.7678916666667,128.756727777778,11.5179475,2026:01:29 17:29:58+09:00,,,
129,photo,photos/20260129_045134864_iOS.jpeg,thumbs/20260129_045134864_iOS_thumb.jpg,32.7677166666667,128.757155555556,13.26286083,2026:01:29 17:30:04+09:00,,,
130,photo,photos/20260129_045304718_iOS.jpeg,thumbs/20260129_045304718_iOS_thumb.jpg,32.7678944444444,128.756788888889,14.17410711,2026:01:29 17:30:04+09:00,,,
128,photo,photos/20260129_045048649_iOS.jpeg,thumbs/20260129_045048649_iOS_thumb.jpg,32.7677472222222,128.757172222222,14.70280213,2026:01:29 17:30:06+09:00,,,
127,photo,photos/20260129_044800028_iOS.jpeg,thumbs/20260129_044800028_iOS_thumb.jpg,32.7677583333333,128.757308333333,12.68286408,2026:01:29 17:30:10+09:00,,,
126,photo,photos/20260129_044635274_iOS.jpeg,thumbs/20260129_044635274_iOS_thumb.jpg,32.7677722222222,128.756866666667,10.51539462,2026:01:29 17:30:12+09:00,,,
125,photo,photos/20260129_044629496_iOS.jpeg,thumbs/20260129_044629496_iOS_thumb.jpg,32.7677777777778,128.756897222222,12.82405722,2026:01:29 17:30:17+09:00,,,
123,photo,photos/20260129_041747842_iOS.jpeg,thumbs/20260129_041747842_iOS_thumb.jpg,32.6895138888889,128.853775,5.741087564,2026:01:29 17:30:18+09:00,,,
124,photo,photos/20260129_041749759_iOS.jpeg,thumbs/20260129_041749759_iOS_thumb.jpg,32.6895138888889,128.8537,5.33764166,2026:01:29 17:30:18+09:00,,,
122,photo,photos/20260129_041542571_iOS.jpeg,thumbs/20260129_041542571_iOS_thumb.jpg,32.6888194444444,128.854783333333,5.195276016,2026:01:29 17:30:21+09:00,,,
121,photo,photos/20260129_041533576_iOS.jpeg,thumbs/20260129_041533576_iOS_thumb.jpg,32.6888111111111,128.854783333333,5.25881948,2026:01:29 17:30:32+09:00,,,
120,photo,photos/20260129_041522737_iOS.jpeg,thumbs/20260129_041522737_iOS_thumb.jpg,32.6887388888889,128.854858333333,5.18249497,2026:01:29 17:30:33+09:00,,,
119,photo,photos/20260129_041515908_iOS.jpeg,thumbs/20260129_041515908_iOS_thumb.jpg,32.6884722222222,128.855102777778,4.740993553,2026:01:29 17:30:36+09:00,,,
118,photo,photos/20260129_041450519_iOS.jpeg,thumbs/20260129_041450519_iOS_thumb.jpg,32.6875611111111,128.856261111111,5.113183827,2026:01:29 17:30:45+09:00,,,
117,photo,photos/20260129_041443855_iOS.jpeg,thumbs/20260129_041443855_iOS_thumb.jpg,32.6874972222222,128.856736111111,4.330426262,2026:01:29 17:30:53+09:00,,,
116,photo,photos/20260129_040008534_iOS.jpeg,thumbs/20260129_040008534_iOS_thumb.jpg,32.6418916666667,128.848069444444,33.25310848,2026:01:29 17:30:59+09:00,,,
115,photo,photos/20260129_034058090_iOS.jpeg,thumbs/20260129_034058090_iOS_thumb.jpg,32.64185,128.847855555556,22.750623,2026:01:29 17:31:01+09:00,,,
114,photo,photos/20260129_034036627_iOS.jpeg,thumbs/20260129_034036627_iOS_thumb.jpg,32.6418805555556,128.848022222222,20.86895706,2026:01:29 17:31:08+09:00,,,
113,photo,photos/20260129_033319537_iOS.jpeg,thumbs/20260129_033319537_iOS_thumb.jpg,32.6595638888889,128.851563888889,191.7594855,2026:01:29 17:31:09+09:00,,,
112,photo,photos/20260129_033309240_iOS.jpeg,thumbs/20260129_033309240_iOS_thumb.jpg,32.6622472222222,128.851119444444,216.3732286,2026:01:29 17:31:11+09:00,,,
111,photo,photos/20260129_033225598_iOS.jpeg,thumbs/20260129_033225598_iOS_thumb.jpg,32.6626333333333,128.852036111111,235.1605191,2026:01:29 17:31:12+09:00,,,
110,photo,photos/20260129_025248389_iOS.jpeg,thumbs/20260129_025248389_iOS_thumb.jpg,32.662525,128.852202777778,227.2240543,2026:01:29 17:31:16+09:00,,,
109,photo,photos/20260129_024720339_iOS.jpeg,thumbs/20260129_024720339_iOS_thumb.jpg,32.6626694444444,128.85205,211.4916438,2026:01:29 17:31:29+09:00,,,
107,photo,photos/20260129_023948461_iOS.jpeg,thumbs/20260129_023948461_iOS_thumb.jpg,32.6453972222222,128.86325,32.38259074,2026:01:29 17:31:41+09:00,,,
106,photo,photos/20260129_023942009_iOS.jpeg,thumbs/20260129_023942009_iOS_thumb.jpg,32.6454888888889,128.864197222222,31.43657491,2026:01:29 17:31:46+09:00,,,
105,photo,photos/20260129_023849029_iOS.jpeg,thumbs/20260129_023849029_iOS_thumb.jpg,32.6476583333333,128.871338888889,14.57984239,2026:01:29 17:31:48+09:00,,,
103,photo,photos/20260129_022520714_iOS.jpeg,thumbs/20260129_022520714_iOS_thumb.jpg,32.6544138888889,128.889938888889,29.62460386,2026:01:29 17:31:56+09:00,,,
102,photo,photos/20260129_022209590_iOS.jpeg,thumbs/20260129_022209590_iOS_thumb.jpg,32.6567222222222,128.884627777778,7.108997212,2026:01:29 17:31:57+09:00,,,
99,photo,photos/20260129_020943653_iOS.jpeg,thumbs/20260129_020943653_iOS_thumb.jpg,32.6566777777778,128.884780555556,6.081709765,2026:01:29 17:35:48+09:00,,,
100,photo,photos/20260129_021018849_iOS.jpeg,thumbs/20260129_021018849_iOS_thumb.jpg,32.6567388888889,128.884705555556,6.226922317,2026:01:29 17:35:48+09:00,,,
101,photo,photos/20260129_021022599_iOS.jpeg,thumbs/20260129_021022599_iOS_thumb.jpg,32.6567722222222,128.884675,6.095956511,2026:01:29 17:35:48+09:00,,,
104,photo,photos/20260129_022540542_iOS.jpeg,thumbs/20260129_022540542_iOS_thumb.jpg,32.6544694444444,128.890044444444,29.35090425,2026:01:29 17:35:48+09:00,,,
108,photo,photos/20260129_024623017_iOS.jpeg,thumbs/20260129_024623017_iOS_thumb.jpg,32.6626055555556,128.851836111111,211.156335,2026:01:29 17:35:48+09:00,,,
98,photo,photos/20260129_020527113_iOS.jpeg,thumbs/20260129_020527113_iOS_thumb.jpg,32.6567638888889,128.884491666667,5.395555685,2026:01:29 17:35:53+09:00,,,
97,photo,photos/20260129_020420366_iOS.jpeg,thumbs/20260129_020420366_iOS_thumb.jpg,32.6567777777778,128.884491666667,5.600000973,2026:01:29 17:35:59+09:00,,,
96,photo,photos/20260129_020325748_iOS.jpeg,thumbs/20260129_020325748_iOS_thumb.jpg,32.6569777777778,128.884797222222,5.395555685,2026:01:29 17:36:00+09:00,,,
95,photo,photos/20260129_020148511_iOS.jpeg,thumbs/20260129_020148511_iOS_thumb.jpg,32.6566888888889,128.884505555556,6.36300008,2026:01:29 17:36:06+09:00,,,
93,photo,photos/20260129_020100287_iOS.jpeg,thumbs/20260129_020100287_iOS_thumb.jpg,32.6566555555556,128.884491666667,7.655547156,2026:01:29 17:36:15+09:00,,,
92,photo,photos/20260129_015658530_iOS.jpeg,thumbs/20260129_015658530_iOS_thumb.jpg,32.6569861111111,128.884858333333,5.9802054,2026:01:29 17:36:25+09:00,,,
91,photo,photos/20260129_015250783_iOS.jpeg,thumbs/20260129_015250783_iOS_thumb.jpg,32.6625777777778,128.884597222222,5.409848078,2026:01:29 17:36:28+09:00,,,
87,photo,photos/20260129_015049555_iOS.jpeg,thumbs/20260129_015049555_iOS_thumb.jpg,32.6616027777778,128.883819444444,3.90952887,2026:01:29 21:02:43+09:00,,,
88,photo,photos/20260129_015057217_iOS.jpeg,thumbs/20260129_015057217_iOS_thumb.jpg,32.6616055555556,128.883819444444,4.271091496,2026:01:29 21:02:43+09:00,,,
89,photo,photos/20260129_015230528_iOS.jpeg,thumbs/20260129_015230528_iOS_thumb.jpg,32.6626444444444,128.884675,4.829328979,2026:01:29 21:02:43+09:00,,,
90,photo,photos/20260129_015241681_iOS.jpeg,thumbs/20260129_015241681_iOS_thumb.jpg,32.6626638888889,128.884688888889,5.444203222,2026:01:29 21:02:43+09:00,,,
94,photo,photos/20260129_020114405_iOS.jpeg,thumbs/20260129_020114405_iOS_thumb.jpg,32.6567027777778,128.884505555556,5.742969353,2026:01:29 21:02:43+09:00,,,
86,photo,photos/20260129_014514630_iOS.jpeg,thumbs/20260129_014514630_iOS_thumb.jpg,32.6615527777778,128.883713888889,5.495092171,2026:01:29 21:02:56+09:00,,,
85,photo,photos/20260129_014455528_iOS.jpeg,thumbs/20260129_014455528_iOS_thumb.jpg,32.6615555555556,128.883744444444,6.042455411,2026:01:29 21:02:58+09:00,,,
84,photo,photos/20260129_013834029_iOS.jpeg,thumbs/20260129_013834029_iOS_thumb.jpg,32.6686333333333,128.882827777778,10.9268114,2026:01:29 21:02:59+09:00,,,
81,photo,photos/20260129_013651468_iOS.jpeg,thumbs/20260129_013651468_iOS_thumb.jpg,32.6687138888889,128.883116666667,6.281553138,2026:01:29 21:03:07+09:00,,,
78,photo,photos/20260129_013357018_iOS.jpeg,thumbs/20260129_013357018_iOS_thumb.jpg,32.6687055555556,128.883102777778,6.592932608,2026:01:29 21:03:23+09:00,,,
79,photo,photos/20260129_013408382_iOS.jpeg,thumbs/20260129_013408382_iOS_thumb.jpg,32.6687055555556,128.883102777778,6.887125482,2026:01:29 21:03:23+09:00,,,
80,photo,photos/20260129_013523416_iOS.jpeg,thumbs/20260129_013523416_iOS_thumb.jpg,32.6687083333333,128.883116666667,7.160890569,2026:01:29 21:03:23+09:00,,,
82,photo,photos/20260129_013706419_iOS.jpeg,thumbs/20260129_013706419_iOS_thumb.jpg,32.6686861111111,128.883086111111,6.233651293,2026:01:29 21:03:23+09:00,,,
83,photo,photos/20260129_013824110_iOS.jpeg,thumbs/20260129_013824110_iOS_thumb.jpg,32.6686361111111,128.882827777778,10.60344939,2026:01:29 21:03:23+09:00,,,
77,photo,photos/20260129_013011092_iOS.jpeg,thumbs/20260129_013011092_iOS_thumb.jpg,32.6684083333333,128.878341666667,38.45424165,2026:01:29 21:03:32+09:00,,,
76,photo,photos/20260129_012958620_iOS.jpeg,thumbs/20260129_012958620_iOS_thumb.jpg,32.6684,128.878355555556,38.47611085,2026:01:29 21:03:35+09:00,,,
74,photo,photos/20260129_012008520_iOS.jpeg,thumbs/20260129_012008520_iOS_thumb.jpg,32.6787388888889,128.858994444444,89.81493249,2026:01:29 21:03:37+09:00,,,
75,photo,photos/20260129_012946254_iOS.jpeg,thumbs/20260129_012946254_iOS_thumb.jpg,32.6683805555556,128.878327777778,37.83223201,2026:01:29 21:03:37+09:00,,,
73,photo,photos/20260129_011734659_iOS.jpeg,thumbs/20260129_011734659_iOS_thumb.jpg,32.6787083333333,128.859038888889,89.84818304,2026:01:29 21:03:39+09:00,,,
72,photo,photos/20260129_011525745_iOS.jpeg,thumbs/20260129_011525745_iOS_thumb.jpg,32.6796111111111,128.859025,89.40896214,2026:01:29 21:03:44+09:00,,,
71,photo,photos/20260129_010627692_iOS.jpeg,thumbs/20260129_010627692_iOS_thumb.jpg,32.678725,128.859038888889,92.5261669,2026:01:29 21:03:46+09:00,,,
70,photo,photos/20260129_010523171_iOS.jpeg,thumbs/20260129_010523171_iOS_thumb.jpg,32.678725,128.859025,92.30852995,2026:01:29 21:03:53+09:00,,,
68,photo,photos/20260129_010408214_iOS.jpeg,thumbs/20260129_010408214_iOS_thumb.jpg,32.6787305555556,128.859055555556,91.87538833,2026:01:29 21:03:57+09:00,,,
69,photo,photos/20260129_010431917_iOS.jpeg,thumbs/20260129_010431917_iOS_thumb.jpg,32.6787305555556,128.859038888889,91.9486456,2026:01:29 21:03:57+09:00,,,
67,photo,photos/20260129_010335507_iOS.jpeg,thumbs/20260129_010335507_iOS_thumb.jpg,32.6787194444444,128.859055555556,90.94267259,2026:01:29 21:03:58+09:00,,,
66,photo,photos/20260129_010324004_iOS.jpeg,thumbs/20260129_010324004_iOS_thumb.jpg,32.6787138888889,128.859055555556,91.0476073,2026:01:29 21:03:59+09:00,,,
64,photo,photos/20260129_010300847_iOS.jpeg,thumbs/20260129_010300847_iOS_thumb.jpg,32.6787194444444,128.859055555556,92.04482254,2026:01:29 21:04:09+09:00,,,
65,photo,photos/20260129_010317453_iOS.jpeg,thumbs/20260129_010317453_iOS_thumb.jpg,32.6787138888889,128.859055555556,91.04292511,2026:01:29 21:04:09+09:00,,,
62,photo,photos/20260129_010219460_iOS.jpeg,thumbs/20260129_010219460_iOS_thumb.jpg,32.6786222222222,128.859008333333,91.57195964,2026:01:29 21:04:11+09:00,,,
63,photo,photos/20260129_010224067_iOS.jpeg,thumbs/20260129_010224067_iOS_thumb.jpg,32.6786305555556,128.859055555556,91.97349177,2026:01:29 21:04:11+09:00,,,
61,photo,photos/20260129_010206405_iOS.jpeg,thumbs/20260129_010206405_iOS_thumb.jpg,32.6786472222222,128.858855555556,92.09908187,2026:01:29 21:04:12+09:00,,,
60,photo,photos/20260129_010156722_iOS.jpeg,thumbs/20260129_010156722_iOS_thumb.jpg,32.6785861111111,128.858811111111,93.13681462,2026:01:29 21:04:19+09:00,,,
59,photo,photos/20260129_004230034_iOS.jpeg,thumbs/20260129_004230034_iOS_thumb.jpg,32.6828777777778,128.843705555556,53.37299151,2026:01:29 21:04:20+09:00,,,
57,photo,photos/20260129_004130045_iOS.jpeg,thumbs/20260129_004130045_iOS_thumb.jpg,32.6828472222222,128.843613888889,55.02225434,2026:01:29 21:04:25+09:00,,,
58,photo,photos/20260129_004135820_iOS.jpeg,thumbs/20260129_004135820_iOS_thumb.jpg,32.6828416666667,128.843627777778,54.63607835,2026:01:29 21:04:25+09:00,,,
56,photo,photos/20260129_004003220_iOS.jpeg,thumbs/20260129_004003220_iOS_thumb.jpg,32.6828694444444,128.843675,53.51305527,2026:01:29 21:04:31+09:00,,,
55,photo,photos/20260129_003947706_iOS.jpeg,thumbs/20260129_003947706_iOS_thumb.jpg,32.6828638888889,128.843736111111,53.82419503,2026:01:29 21:04:33+09:00,,,
54,photo,photos/20260129_003929425_iOS.jpeg,thumbs/20260129_003929425_iOS_thumb.jpg,32.6828,128.843688888889,48.83095968,2026:01:29 21:04:34+09:00,,,
149,photo,photos/20260129_055311002_iOS.jpeg,thumbs/20260129_055311002_iOS_thumb.jpg,32.7115083333333,128.656844444444,47.53893637,2026:01:29 21:04:38+09:00,,,
160,photo,photos/20260129_060239953_iOS.jpeg,thumbs/20260129_060239953_iOS_thumb.jpg,32.7097944444444,128.660933333333,13.5935626,2026:01:29 21:04:54+09:00,,,
161,photo,photos/20260129_061500820_iOS.jpeg,thumbs/20260129_061500820_iOS_thumb.jpg,32.6673694444444,128.670288888889,6.24634808,2026:01:29 21:04:56+09:00,,,
183,photo,photos/20260129_075728958_iOS.jpeg,thumbs/20260129_075728958_iOS_thumb.jpg,32.6682083333333,128.837477777778,81.91123755,2026:01:29 21:05:00+09:00,,,
182,photo,photos/20260129_075621856_iOS.jpeg,thumbs/20260129_075621856_iOS_thumb.jpg,32.6681111111111,128.837555555556,81.63301191,2026:01:29 21:05:39+09:00,,,
177,photo,photos/20260129_073332506_iOS.jpeg,thumbs/20260129_073332506_iOS_thumb.jpg,32.6739583333333,128.730469444444,70.68847139,2026:01:29 21:07:23+09:00,,,
178,photo,photos/20260129_073346133_iOS.jpeg,thumbs/20260129_073346133_iOS_thumb.jpg,32.674125,128.730544444444,71.50306785,2026:01:29 21:07:23+09:00,,,
179,photo,photos/20260129_073414747_iOS.jpeg,thumbs/20260129_073414747_iOS_thumb.jpg,32.6743666666667,128.731797222222,67.83517699,2026:01:29 21:07:23+09:00,,,
180,photo,photos/20260129_073415814_iOS.jpeg,thumbs/20260129_073415814_iOS_thumb.jpg,32.6743388888889,128.73355,64.6307808,2026:01:29 21:07:23+09:00,,,
181,photo,photos/20260129_073420848_iOS.jpeg,thumbs/20260129_073420848_iOS_thumb.jpg,32.6743388888889,128.734130555556,74.59095128,2026:01:29 21:07:23+09:00,,,
176,photo,photos/20260129_065749370_iOS.jpeg,thumbs/20260129_065749370_iOS_thumb.jpg,32.6143805555556,128.60785,215.4223356,2026:01:29 21:07:40+09:00,,,
175,photo,photos/20260129_065734100_iOS.jpeg,thumbs/20260129_065734100_iOS_thumb.jpg,32.6142777777778,128.607880555556,214.9347639,2026:01:29 21:07:57+09:00,,,
173,photo,photos/20260129_065635282_iOS.jpeg,thumbs/20260129_065635282_iOS_thumb.jpg,32.6138277777778,128.608063888889,210.6173692,2026:01:29 21:08:18+09:00,,,
174,photo,photos/20260129_065640761_iOS.jpeg,thumbs/20260129_065640761_iOS_thumb.jpg,32.6138583333333,128.608063888889,212.4009171,2026:01:29 21:08:18+09:00,,,
172,photo,photos/20260129_065634959_iOS.jpeg,thumbs/20260129_065634959_iOS_thumb.jpg,32.6138277777778,128.608063888889,210.6173692,2026:01:29 21:08:30+09:00,,,
171,photo,photos/20260129_065536574_iOS.jpeg,thumbs/20260129_065536574_iOS_thumb.jpg,32.6134305555556,128.607772222222,218.7240477,2026:01:29 21:08:37+09:00,,,
170,photo,photos/20260129_065515945_iOS.jpeg,thumbs/20260129_065515945_iOS_thumb.jpg,32.6133222222222,128.607666666667,223.6136412,2026:01:29 21:08:39+09:00,,,
169,photo,photos/20260129_065450483_iOS.jpeg,thumbs/20260129_065450483_iOS_thumb.jpg,32.6132972222222,128.607727777778,205.3929267,2026:01:29 21:08:40+09:00,,,
168,photo,photos/20260129_065306458_iOS.jpeg,thumbs/20260129_065306458_iOS_thumb.jpg,32.6133277777778,128.607711111111,206.2273116,2026:01:29 21:08:58+09:00,,,
167,photo,photos/20260129_065115454_iOS.jpeg,thumbs/20260129_065115454_iOS_thumb.jpg,32.6133305555556,128.607697222222,207.8631902,2026:01:29 21:09:07+09:00,,,
166,photo,photos/20260129_065051619_iOS.jpeg,thumbs/20260129_065051619_iOS_thumb.jpg,32.6133166666667,128.607680555556,208.4517659,2026:01:29 21:09:25+09:00,,,
165,photo,photos/20260129_065012545_iOS.jpeg,thumbs/20260129_065012545_iOS_thumb.jpg,32.6132972222222,128.607758333333,209.8941486,2026:01:29 21:09:26+09:00,,,
164,photo,photos/20260129_064954195_iOS.jpeg,thumbs/20260129_064954195_iOS_thumb.jpg,32.6133,128.607758333333,209.4535802,2026:01:29 21:09:47+09:00,,,
162,photo,photos/20260129_064704466_iOS.jpeg,thumbs/20260129_064704466_iOS_thumb.jpg,32.6137388888889,128.608108333333,231.1631085,2026:01:29 21:09:51+09:00,,,
163,photo,photos/20260129_064941511_iOS.jpeg,thumbs/20260129_064941511_iOS_thumb.jpg,32.6132972222222,128.607772222222,208.6732598,2026:01:29 21:09:51+09:00,,,
